last_name,first_name,email
Butt,James,jbutt@gmail.com
Darakjy,Josephine,josephine_darakjy@darakjy.org
Venere,Art,art@venere.org
Paprocki,Lenna,lpaprocki@hotmail.com
Foller,Donette,donette.foller@cox.net
Morasca,Simona,simona@morasca.com
Tollner,Mitsue,mitsue_tollner@yahoo.com
Dilliard,Leota,leota@hotmail.com
Wieser,Sage,sage_wieser@cox.net
Marrier,Kris,kris@gmail.com
Amigon,Minna,minna_amigon@yahoo.com
Maclead,Abel,amaclead@gmail.com
Caldarera,Kiley,kiley.caldarera@aol.com
Ruta,Graciela,gruta@cox.net
Albares,Cammy,calbares@gmail.com
Poquette,Mattie,mattie@aol.com
Garufi,Meaghan,meaghan@hotmail.com
Rim,Gladys,gladys.rim@rim.org
Whobrey,Yuki,yuki_whobrey@aol.com
Flosi,Fletcher,fletcher.flosi@yahoo.com
Nicka,Bette,bette_nicka@cox.net
Inouye,Veronika,vinouye@aol.com
Kolmetz,Willard,willard@hotmail.com
Royster,Maryann,mroyster@royster.com
Slusarski,Alisha,alisha@slusarski.com
Iturbide,Allene,allene_iturbide@cox.net
Caudy,Chanel,chanel.caudy@caudy.org
Chui,Ezekiel,ezekiel@chui.com
Kusko,Willow,wkusko@yahoo.com
Figeroa,Bernardo,bfigeroa@aol.com
Corrio,Ammie,ammie@corrio.com
Vocelka,Francine,francine_vocelka@vocelka.com
Stenseth,Ernie,ernie_stenseth@aol.com
Glick,Albina,albina@glick.com
Sergi,Alishia,asergi@gmail.com
Shinko,Solange,solange@shinko.com
Stockham,Jose,jose@yahoo.com
Ostrosky,Rozella,rozella.ostrosky@ostrosky.com
Gillian,Valentine,valentine_gillian@gmail.com
Rulapaugh,Kati,kati.rulapaugh@hotmail.com
Schemmer,Youlanda,youlanda@aol.com
Oldroyd,Dyan,doldroyd@aol.com
Campain,Roxane,roxane@hotmail.com
Perin,Lavera,lperin@perin.org
Ferencz,Erick,erick.ferencz@aol.com
Saylors,Fatima,fsaylors@saylors.org
Briddick,Jina,jina_briddick@briddick.com
Waycott,Kanisha,kanisha_waycott@yahoo.com
Bowley,Emerson,emerson.bowley@bowley.org
Malet,Blair,bmalet@yahoo.com
